{
  "total_queries": 68,
  "successful_queries": 68,
  "results": {
    "BM25": {
      "P@10": 0.010294117647058823,
      "R@10": 0.034313725490196074,
      "P@50": 0.004999999999999999,
      "R@50": 0.08333333333333333,
      "nDCG@10": 0.02499254460066169,
      "MRR": 0.043347509629794605,
      "MAP": 0.016054490367367606
    },
    "Semantic": {
      "P@10": 0.007352941176470588,
      "R@10": 0.024509803921568624,
      "P@50": 0.002058823529411765,
      "R@50": 0.034313725490196074,
      "nDCG@10": 0.011066276898301622,
      "MRR": 0.01045985060690943,
      "MAP": 0.00348661686896981
    },
    "TF-IDF": {
      "P@10": 0.004411764705882354,
      "R@10": 0.014705882352941176,
      "P@50": 0.004411764705882353,
      "R@50": 0.07352941176470588,
      "nDCG@10": 0.011536472595174872,
      "MRR": 0.026657982806339207,
      "MAP": 0.009640142081751079
    },
    "Hybrid": {
      "P@10": 0.004411764705882354,
      "R@10": 0.014705882352941176,
      "P@50": 0.003823529411764706,
      "R@50": 0.06372549019607843,
      "nDCG@10": 0.012528809478192167,
      "MRR": 0.028730876593922622,
      "MAP": 0.009576958864640873
    }
  }
}